ID,Tweets,len,Date,Source,Likes,RTs
1389716466304491522," ‚Äº @Santi_ABASCAL ""Son unos buenos resultados para VOX pero sobre todo son unos buenos resultados para Espa√±a porque suponen un‚Ä¶",139,2021-05-04 22:59:59,Twitter for iPhone,0,0
1389716466195472388," Que gane el PP en un barrio obrero y pendientes de ayudas para poder comer, NO es nada nuevo en otras ciudades de Espa√±a. O‚Ä¶",140,2021-05-04 22:59:59,Twitter for Android,0,0
1389716465390080002," Ahora s√≠, lo puedo decir, meteros los aplausos por donde os quepan.",100,2021-05-04 22:59:59,Twitter for Android,0,0
1389716465205583877," Esta casa apoya a @Yolanda_Diaz_, encargada de reunir a TODA la izquierda espa√±ola y convertirse en la pr√≥xima President‚Ä¶",140,2021-05-04 22:59:59,Twitter Web App,0,0
1389716462936412164, Qu√© asco tener que ver que los que pisotean el colectivo LGTBI en sus votaciones en parlamentos saquen la bandera LGTBI.‚Ä¶,138,2021-05-04 22:59:59,Twitter for Android,0,0
1389716459178319875, V√çDEO | As√≠ ha sido la despedida de Pablo Iglesias de la pol√≠tica tras la derrota de la izquierda en Madrid   htt‚Ä¶,140,2021-05-04 22:59:58,Twitter for iPhone,0,0
1389716448474406915," Junto a @PabloIglesias, la comunidad de Madrid hoy se juega en las urnas la batalla contra el avance de la extrema derecha‚Ä¶",140,2021-05-04 22:59:55,Twitter for Android,0,0
1389716447572672513," ""Esto que est√° pasando en Madrid es un fen√≥meno que ya conocen en l‚Ä¶",140,2021-05-04 22:59:55,Twitter for iPhone,0,0
1389716445085511684,"Que os den por culo izquierdistas, que vais a tener que vivir con el ""fascismo""JODEOS ",100,2021-05-04 22:59:54,Twitter Web App,2,0
1389716436751458312," Cuando reivindicamos la municipalizaci√≥n de Vallekas o Vic√°lvaro, no es por una cuesti√≥n folkl√≥rica, es porque es una nec‚Ä¶",140,2021-05-04 22:59:52,Twitter Web App,0,0
1389716432498434052, üî¥üì© Contin√∫a el escrutinio (95.6%) de las  #4MDiario16#EleccionesMadrid2021   PP (65) M√ÅS MADRID (24) P.S.O‚Ä¶,140,2021-05-04 22:59:51,Twitter for iPhone,0,0
1389716430967410690,"Albert Rivera &gt; Asumo mis fallos, pido perd√≥n y me retiro.Pablo Iglesias &gt; He sido v√≠ctima de to‚Ä¶",146,2021-05-04 22:59:51,Twitter for Android,0,0
1389716422331338756, Forocoches se burla de Podemos y de Pablo Iglesias tras la victoria de la derecha frente al comunismo en las #Elecciones4‚Ä¶,140,2021-05-04 22:59:49,Twitter for iPhone,0,0
1389716415545028613," Lo de ""Comunismo o Libertad"", con libertad ¬øa qu√© se refiere exactamente el PP? Si eso es libertad, prefiero comunis‚Ä¶",140,2021-05-04 22:59:47,Twitter for iPhone,0,0
1389716413577846785," üéªüé§Hola @PabloIglesias te est√°n cantando ""La cucaracha la cucaracha ya no puede caminar"" üòÇüòÇüòÇüòÇüòÇ¬°Brutal los mariachis en la‚Ä¶",139,2021-05-04 22:59:47,Twitter Web App,0,0
1389716412713869313," No digas que M√≥nica Garc√≠a, candidata de Mas Podemos, vot√≥ por correo pero hoy ha acompa√±ado a su padre a votar para que no‚Ä¶",139,2021-05-04 22:59:47,Twitter for iPhone,0,0
1389716411342262272," üìπ Mientras toda Espa√±a tiene el foco puesto en las , Marlaska aprovecha para fletar vuelos repletos de inmigra‚Ä¶",140,2021-05-04 22:59:46,Twitter for iPhone,0,0
1389716401192161285," Votar es seguro. Est√°n todos los protocolos pensados para eso.Gracias a todos los ciudadanos por votar, especialmente a a‚Ä¶",140,2021-05-04 22:59:44,Twitter for Android,0,0
1389716400911028225, Pablo Iglesias ha sufrido una campa√±a de desprestigio por parte de los medios inhumana. Los que os alegr√°is de su marcha no soi‚Ä¶,140,2021-05-04 22:59:44,Twitter for Android,0,0
1389716394904899585, #EleccionesMadridA3N | Abascal ha ratificado que los diputados de su partido votar√°n a favor de la investidura de Ayuso en‚Ä¶,139,2021-05-04 22:59:42,Twitter for Android,0,0
1389716390756687883," ""Dejo todos mis cargos Dejo la pol√≠tica. Cuando uno deja de ser √∫til tiene que saber retirar‚Ä¶",140,2021-05-04 22:59:41,Twitter for Android,0,0
1389716384704344066, Tras las elecciones de Madrid lo que queda claro es que ni Catalunya ni Euskal Herria son Espa√±a. ,130,2021-05-04 22:59:40,Twitter for Android,0,0
1389716376688934915, Pablo Iglesias ser√° recordado estas  como el hombre que lleg√≥ para movilizar a la izquierda y consigui√≥ todo‚Ä¶,139,2021-05-04 22:59:38,Twitter for Android,0,0
1389716374163972098,"A que hora salen los de Vox a decir que las elecciones no valen, como hicieron en las generales???",112,2021-05-04 22:59:37,Twitter for Android,0,0
1389716361019019266," ‚Äº  @Santi_ABASCAL ""En las pr√≥ximas elecciones generales salimos a derrotar al sanchismo y a expulsarle del Gobierno de la Naci√≥‚Ä¶",140,2021-05-04 22:59:34,Twitter for Android,0,0
1389716348603936770, Pablo Iglesias acaba de anunciar que renuncia a la pol√≠tica. LO MATASTE ISABEL D√çAZ AYUSO. ¬°Viva Espa√±a! VIV‚Ä¶,140,2021-05-04 22:59:31,Twitter for iPhone,0,0
1389716343902068737," ""Es inadmisible e injustificable el trato que se le ha dado a los periodistas en la Com‚Ä¶",140,2021-05-04 22:59:30,Twitter for iPhone,0,0
1389716329473757186, üî¥üì© Contin√∫a el escrutinio (96.78%) de las  #4MDiario16#EleccionesMadrid2021   PP (65) M√ÅS MADRID (24) P.S.‚Ä¶,140,2021-05-04 22:59:27,Twitter for iPhone,0,0
1389716326856466433,¬øQui√©n ha votado a Volt?,37,2021-05-04 22:59:26,Twitter for Android,0,0
1389716324553736194," Con #PabloIglesias se va de la pol√≠tica la mugre, el escrache, la violencia, el guerracivilismo y el peor d los machis‚Ä¶",140,2021-05-04 22:59:26,Twitter Web App,0,0
1389716307340312587," Buenas noches Sres. De G√©nova. Las  no las hab√©is ganado vosotros, las ha ganado @IdiazAyuso, a la cual‚Ä¶",139,2021-05-04 22:59:22,Twitter for Android,0,0
1389716297550811144," Todos esos borregos que hay ah√≠ reunidos en la celebraci√≥n del PP, en breves se estar√° quejando de lo vergonzosa que es‚Ä¶",140,2021-05-04 22:59:19,Twitter for Android,0,0
1389716289707552773,Jorge Javier√Ängels Barcel√≥E. PalomeraEl artisteoTezanosFerrerasIglesiasRedondo...p‚Ä¶,140,2021-05-04 22:59:17,Twitter for Android,0,0
1389716286712782854, 4 de Mayo de 2021.Se acaba de caer el mito de que una gran participaci√≥n favorece a la izquier‚Ä¶,140,2021-05-04 22:59:17,Twitter for iPad,0,0
1389716285777498115," ¬øC√≥mo era aquello de ""no se deben celebrar manifestaciones ni eventos multitudinarios porque estamos en pandemia""? Ay,‚Ä¶",139,2021-05-04 22:59:16,Twitter for iPhone,0,0
1389716280681320457," ¬°√öLTIMA HORA! La √∫nica diputada  trans de Espa√±a, Carla Antonelli,   pierde su esca√±o en la Asamblea de Madrid  #Eleccion‚Ä¶",140,2021-05-04 22:59:15,Twitter for Android,0,0
1389716266219458564, Muchas gracias a todas las personas que est√°is trabajando para que todo funcione con seguridad en las .Se‚Ä¶,140,2021-05-04 22:59:12,Twitter for Android,0,0
1389716265623769090," Despertemos de una vez!! Esto es el comunismo del ""S√≠ se puede"" Y la üê≠ abandona el barco con los bolsillos llenos.#‚Ä¶",140,2021-05-04 22:59:12,Twitter for iPhone,0,0
1389716264491393027," Pablo Iglesias dijo que el 70% de los madrile√±os eran de izquierdas y que, con una participaci√≥n alta, habr√≠a gobierno de‚Ä¶",139,2021-05-04 22:59:11,Twitter for Android,0,0
1389716263895711754, üì∫ TV en DIRECTO  | Ayuso y Pablo Casado salen al balc√≥n de G√©nova para celebrar la victoria del PP en la Comunida‚Ä¶,140,2021-05-04 22:59:11,Twitter for Android,0,0
1389716259080638467," V√≠deo | ""Hasta siempre"". As√≠ ha sido el emotivo discurso completo de Pablo Iglesias en el que se despide de de la pol√≠tica tra‚Ä¶",140,2021-05-04 22:59:10,Twitter for iPhone,0,0
1389716256534716421," ‚Äº @monasterioR ""Los medios de comunicaci√≥n y los partidos pol√≠ticos han pretendido echar a VOX y no lo han conseguido. Cada d√≠a‚Ä¶",140,2021-05-04 22:59:09,Twitter for iPad,0,0
1389716256438243329,"At 99.7% counted, progressive green M√°s Madrid (G/EFA) looks set to being the second l‚Ä¶",140,2021-05-04 22:59:09,Twitter Web App,0,0
1389716248603283464, @el_pais Grande Madrid .No al comunismo socialismo hamponil de Iglesias. #IglesiasCierraAlSalir,130,2021-05-04 22:59:08,Twitter Web App,0,0
1389716247227551745, PSOE y Unidas Podemos en el Gobierno no han cumplido ni sus promesas de derogar la ley mordaza y la reforma laboral del PP‚Ä¶,140,2021-05-04 22:59:07,Twitter for Android,0,0
1389716246321635331, Su vida pol√≠tica ha sido una gran mentira. Hace unos d√≠as asegur√≥ que se quedar√≠a de diputado en la Asamblea de Madrid y le‚Ä¶,140,2021-05-04 22:59:07,Twitter for Android,0,0
1389716229296955394, La √∫nica lucha que se pierde es la que se abandona. As√≠ que a aplicarnos aquello tan hermoso de Claudio Rodr√≠guez:‚Äúa pe‚Ä¶,140,2021-05-04 22:59:03,Twitter for iPhone,0,0
1389716228743249921, Grupo de apoyo a #LxsPresxsPoliticxs manifiestan su solidaridad con el hermano pueblo de Colombia üá®üá¥#DuqueAsesino #Eleccion‚Ä¶,140,2021-05-04 22:59:03,Twitter Web App,0,0
1389716220950290433," ""Se vende chal√© con piscina en Galapagar""   https://t‚Ä¶",140,2021-05-04 22:59:01,Twitter for Android,0,0
1389716215782952964, A Madrid le importa m√°s los bares y las cervezas que los 15.000 muertos yaciendo sin identificar en el palacio de hiel‚Ä¶,140,2021-05-04 22:59:00,Twitter for iPhone,0,0
1389716200154931201, Merecid√≠simo hosti√≥n de la falsa izquierda en Madrid (incluido en los barrios obreros). Ayuso les ha barrido. Y Unidas Pod‚Ä¶,140,2021-05-04 22:58:56,Twitter for Android,0,0
1389716177266561024, Madrid dueleDe que vale aplaudirles desde el balc√≥n de casa si luego votas a partidos que desmantelan la Sanidad P√∫blica.‚Ä¶,138,2021-05-04 22:58:50,Twitter for iPhone,0,0
1389716174976528393," ¬øQuer√≠an guerra? Toma guerra.Ayuso gana en Pinto, Parla, Fuenlabrada o Legan√©s. Gana hasta en Vallecas, Tetu√°n, Vill‚Ä¶",140,2021-05-04 22:58:50,Twitter for Android,0,0
1389716169335128064," Sab√≠ais que el padre de Javier Negre es pol√≠tico del PP? Igual as√≠ entend√©is mejor que pese a a ser "" El Condenas"" por que‚Ä¶",140,2021-05-04 22:58:49,Twitter for Android,0,0
1389716159071674369, Hac√≠a tiempo que no iba con tantas ganas a votar. Evitar que los social-comunistas arruinen Madrid y mandar a Iglesias a ve‚Ä¶,140,2021-05-04 22:58:46,Twitter for Android,0,0
1389716157716910082," Aqu√≠ tenemos a otro ""dem√≥crata antifascista"" de Podemos ganando enteros para ser Consejero de Pablo Iglesias en la Com‚Ä¶",140,2021-05-04 22:58:46,Twitter for Android,0,0
1389716155246551052, #BuenasTardes nos encontramos durante toda la jornada electoral  junto a @PoliCiempo y @guardiacivil #Ciempo‚Ä¶,140,2021-05-04 22:58:45,Twitter for Android,0,0
1389716146157412356,"Abalos y Arrimadas hacen que tras lo de Murcia, Madrid reviente las urnas para arropar a una gran gestora c‚Ä¶",140,2021-05-04 22:58:43,Twitter for iPhone,0,0
1389716142827134977," ‚Äº  Primera valoraci√≥n de VOX ‚û° @Jorgebuxade ""Los madrile√±os han dado la espalda a Podemos y no ha conseguido lle‚Ä¶",140,2021-05-04 22:58:42,Twitter for Android,0,0
1389716137525616646," ""Desde Catalunya nos levant√°bamos horrorizados porque cada d√≠a‚Ä¶",140,2021-05-04 22:58:41,Twitter for iPhone,0,0
1389716132278554631,Seguro que no estabais borrachos putos madrile√±os? Madre m√≠a... as√≠ va Espa√±a...  #eleccionesMadrid2021,116,2021-05-04 22:58:40,Twitter for iPhone,1,0
1389716124187729931, Enhorabuena @IdiazAyuso Hoy Madrid ha votado CORRUPCI√ìN ABSOLUTA!!!Y ahora vas y le copias el discurso a @begonavillaci‚Ä¶,140,2021-05-04 22:58:38,Twitter for iPad,0,0
1389716118445740035," ""El trumpismo a la madrile√±a de Ayuso se consolida a lo bestia en la Comunidad de Madrid y endosa al l√≠der del PP un ser o n‚Ä¶",140,2021-05-04 22:58:36,Twitter for iPhone,0,0
1389716116746952713," el divorcio, el aborto, el matrimonio homosexual, la eutanas‚Ä¶",140,2021-05-04 22:58:36,Twitter for iPhone,0,0
1389716116524634121," ¬øMe ayud√°is a que @jordi_canyas recupere el tuit que se le ha borrado, en el que se cachondeaba de Ayuso y su convocatoria e‚Ä¶",140,2021-05-04 22:58:36,Twitter for Android,0,0
1389716113072824326, Yo solo le espero a Ayuso el mismo futuro que los ya expresidentes de la CAM ,110,2021-05-04 22:58:35,Twitter for iPhone,0,0
1389716099042889736, As√≠ ha cambiado el mapa del ganador por municipios en las elecciones de la Comunidad de Madrid con respecto a 2019 #Elecciones‚Ä¶,140,2021-05-04 22:58:32,Twitter for Android,0,0
1389716095779569665, Hoy hay elecciones en #Madrid y me sorprende que haya quienes no est√°n conscientes de su privilegio para decidir sin que‚Ä¶,139,2021-05-04 22:58:31,Twitter Web App,0,0
1389716093774729223, üî¥üì© Finalizando el escrutinio (98.9%) de las  #4MDiario16#EleccionesMadrid2021   PP (65) M√ÅS MADRID (24) P.‚Ä¶,140,2021-05-04 22:58:31,Twitter for iPhone,0,0
1389716093313372163," ""Cuando uno deja de ser √∫til tiene que saber retirarse.‚Ä¶",139,2021-05-04 22:58:30,Twitter for Android,0,0
1389716083419009024, NO LE QUIERE #ESPA√ëAüá™üá∏#PedroS√°nchez abucheado alllegar al colegio electoral.#GobiernoCriminalyCorrupto #Gobierno‚Ä¶,140,2021-05-04 22:58:28,Twitter for Android,0,0
1389716077869998081," Dos mujeres han arrasado en las elecciones de Madrid y han desbancado a Pablo Iglesias, el machirulo de Espa√±a. Que t‚Ä¶",140,2021-05-04 22:58:27,Twitter for Android,0,0
1389716076544540672,"  üá™üá∏Luego de que haya votado, los madrile√±os despiden a Sanchez con gritos de #Fuera #Fuera #PedroSanchez des‚Ä¶",140,2021-05-04 22:58:26,Twitter Web App,0,0
1389716066704691201,Mini hilo (si vives en #Madrid y te ofendes f√°cil‚Ä¶,140,2021-05-04 22:58:24,Twitter for Android,0,0
1389716058580336644," Iglesias se va, el PSOE se hunde y Ciudadanos desaparece ‚Ä¶",140,2021-05-04 22:58:22,Twitter for iPhone,0,0
1389716023339847682, F√©licitations au Parti Populaire Espagnol qui a remport√© ce soir les √©lections r√©gionales de #Madrid face √† la gauche soc‚Ä¶,140,2021-05-04 22:58:14,Twitter for Android,0,0
1389716022991671299,"Pablo Iglesias, the leader of ""Podemos"" is retiring from politics after the results of Madrid regional electio‚Ä¶",140,2021-05-04 22:58:14,Twitter for Android,0,0
1389716013747523584," ""Me ha llamado mucho la atenci√≥n ver a gente en la calle celebrando la victoria‚Ä¶",139,2021-05-04 22:58:12,Twitter for iPhone,0,0
1389716013307121672," Edmundo Bal dice que no es un mal d√≠a para C‚Äôs, es un mal d√≠a para Madrid.No re√≠rse que ya me estoy riendo Yo por todos vos‚Ä¶",140,2021-05-04 22:58:11,Twitter for Android,0,0
1389716006889721862," Hola tabernarios, ¬øqu√© tal llev√°is la jornada?",77,2021-05-04 22:58:10,Twitter for Android,0,0
1389715995477086213, El problema de Pedro S√°nchez es que hay momentos en que no le queda m√°s remedio que pisar la calle.   https:‚Ä¶,140,2021-05-04 22:58:07,Twitter for Android,0,0
1389715967660412933, Forocoches se burla de Podemos y de Pablo Iglesias tras la victoria de la derecha frente al comunismo en las #Eleccione‚Ä¶,140,2021-05-04 22:58:01,Twitter for Android,0,0
1389715944109449221, Ah√≠ va el resumen de una noche electoral apote√≥sica para el PP. seg√∫n los veteranos del partido no se viv√≠a una as√≠ desde‚Ä¶,139,2021-05-04 22:57:55,Twitter for iPhone,0,0
1389715938266779649," Tiene que pagar su chalet de Galapagar m√°s otro terreno que, seg√∫n algunas fuentes, habr√≠a comprado en Torrelodones, y‚Ä¶",139,2021-05-04 22:57:54,Twitter for Android,0,0
1389715936983326730, üî¥ Salta la sorpresa en Las Gaunaaaas!!!!!!!!Se va el Marqu√©s.Se va!!!!!!!!!Se vaaaaaaaa! Deja todos sus cargos!!!!!!‚Ä¶,140,2021-05-04 22:57:53,Twitter for Android,0,0
1389715932046630917, ¬øRecord√°is cuando Cs miraba por encima del hombro a los de VOX en el Congreso?Justicia divina.,124,2021-05-04 22:57:52,Twitter for iPhone,0,0
1389715925943865349," ""Hemos liderado esta alternativa. Seremos quienes lideren el cambi‚Ä¶",140,2021-05-04 22:57:51,Twitter for Android,0,0
1389715925570662407," Es una noche dura para el centro pol√≠tico.üì° @BalEdmundo ""Asum√≠ este reto sabiendo que nos enfrent√°bamos a una situaci√≥n‚Ä¶",140,2021-05-04 22:57:50,Twitter Web App,0,0
1389715895627419657,"Total seats, 99.9% countedPP-EPP: 65 seatsM√°s Madrid-Greens/EFA: 24PSOE-S&amp;D: 24‚Ä¶",143,2021-05-04 22:57:43,Twitter for Android,0,0
1389715894910308352,"Para comerte el mundo debes tener hambre, con la panza llena le das si acaso un bocado. #Reflexiones ",116,2021-05-04 22:57:43,Twitter for Android,1,0
1389715881102659587," @PabloIglesias  LIBERTAD PABLO, LIBERTAD.Ahora no dir√©is que Madrid entera es fascista, verdad? Siento escribirt‚Ä¶",140,2021-05-04 22:57:40,Twitter for iPhone,0,0
1389715880771309569, üî¥ DIRECTO  | Resultados elecciones Madrid 2021 ‚û° Cierran los colegios en una jornada sin incidentes y con gran‚Ä¶,140,2021-05-04 22:57:40,Twitter for iPhone,0,0
1389715871958974487," 130.000 personas ma√±ana se levantar√°n sencillamente, tranquilas.  sin taparse la nariz al decir a quien votaron y sin ab‚Ä¶",140,2021-05-04 22:57:38,Twitter for Android,0,0
1389715861594849281,"Gana el fascismo en Madrid, triste d√≠a para la democracia y la libertad de Espa√±a ",97,2021-05-04 22:57:35,Twitter for iPhone,2,0
1389715851356540928," ""Libertad es llevar una pulsera que dice libertad sin ocultarla. Libertad significa emp‚Ä¶",140,2021-05-04 22:57:33,Twitter Web App,0,0
1389715846705160192, üî¥ As√≠ ha quedado el mapa de distritos y de municipios de la Comunidad de Madrid tras las .üí¨ Repasamos e‚Ä¶,140,2021-05-04 22:57:32,Twitter for Android,0,0
1389715846474391559,‚û°Ô∏è @Bocaccion‚û°Ô∏è @Anarko35172922 ‚úÖ Retuitea este tuit‚úÖ Sigue a quien r‚Ä¶,140,2021-05-04 22:57:32,Twitter Web App,0,0
1389715833811873794, Igual Angeles Barcel√≥ le convence para que no se vaya #IglesiasCierraAlSalir ,113,2021-05-04 22:57:29,Twitter for Android,0,0
1389715829231603712, Si UP le da la vuelta a las encuestas y obtiene muy bien resultado hoy en las la sonrisita de estos tres‚Ä¶,140,2021-05-04 22:57:28,Twitter for Android,0,0
1389715812794126336," Complimenti e buon lavoro alla presidente Isabel D√≠az Ayuso, vincitrice delle elezioni di Madrid, donna di buonsenso e‚Ä¶",140,2021-05-04 22:57:24,Twitter for Android,0,0
1389715808675303432, Ya se esta viendo que Madrid es fascista(algunos se salvan)y que prefieren tomarse unas cervecicas antes que luchar por un‚Ä¶,140,2021-05-04 22:57:23,Twitter Web App,0,0
1389715808612409345," ""Nunca Madrid hab√≠a sido tan diferente que el resto de Espa√±a. Auguro que la desleal‚Ä¶",140,2021-05-04 22:57:23,Twitter for iPhone,0,0
1389715804665561089,"  Me han dicho que me hac√≠a gordo el traje de mariachi en la tele, es verdad?",112,2021-05-04 22:57:22,Twitter for iPhone,0,0
1389715804523057160, Ten√≠a raz√≥n Pablo Iglesias con lo de que Madrid ser√° la tumba del fascismo. Cierre al salir. ,126,2021-05-04 22:57:22,Twitter for Android,0,0
1389715797661175809," Ma√±ana, cuando vayas por la calle con tu novio de la mano y te den una paliza al grito de maric√≥n de mierda, piensa que, lu‚Ä¶",140,2021-05-04 22:57:20,Twitter for Android,0,0
1389715794834120704," Hoy no solo se vota la composici√≥n de un parlamento regional, hoy se vota el principio del fin de Pedro S√°nchez y un cambio de‚Ä¶",139,2021-05-04 22:57:19,Twitter Web App,0,0
1389715784570707972, Empezamos el especial  donde contaremos con 15 analistas y m√∫ltiples puntos de directo. Me referir√© al mont‚Ä¶,140,2021-05-04 22:57:17,Twitter for Android,0,0
1389715770708484098, ‚≠ï #AHORA Espa√±a: Pablo Iglesias (@PabloIglesias) anunci√≥ que abandona la pol√≠tica tras la derrota de la izquierda en las #Elecci‚Ä¶,140,2021-05-04 22:57:14,Twitter for iPhone,0,0
1389715768951164928," ""Pocos se pod√≠an imaginar en estos siete a√±os las cosas que hemos conseguido, en t√©r‚Ä¶",140,2021-05-04 22:57:13,Twitter for Android,0,0
1389715736445296645," Para gobernar te uniste a separatistas, terroristas y comunistas, empezaste con las mentiras y a regalar Espa√±a a trozos.‚Ä¶",139,2021-05-04 22:57:05,Twitter for iPhone,0,0
1389715731437195267," ""Nuestros esca√±os van a estar a disposici√≥n de Ayuso para facilitar su investidura. No har√° falta‚Ä¶",139,2021-05-04 22:57:04,Twitter for iPhone,0,0
1389715718376198144," üé• El jueves hay convocada una Ejecutiva Federal del PSOE, nos lo cuenta @bernasancheztv desde las puertas de Ferraz, con un‚Ä¶",140,2021-05-04 22:57:01,Twitter for iPhone,0,0
1389715710084005890, GurtelP√∫nicaEl GalLos EresEl 3 por cientoPujolEl tren de AngroisEl metro de ValenciaEl casopl√≥nLos sueldazosLos coc‚Ä¶,140,2021-05-04 22:56:59,Twitter for Android,0,0
1389715699355070464," Pues al final la mayor√≠a ha hablado, un 75% de la Comunidad de Madrid ha dicho que no quiere pol√≠ticas de izquierdas, que no‚Ä¶",139,2021-05-04 22:56:57,Twitter for Android,0,0
1389715668954763265, Pablo Iglesias announces that he's quitting politics following the Left's defeat in Madrid regional elections.#Elecciones4‚Ä¶,140,2021-05-04 22:56:49,Twitter for Android,0,0
1389715666228420616,  #eleccionesMadrid2021 | Los Mariachis se han acercado hasta la sede de Podemos para cantarle a Pablo Igl‚Ä¶,140,2021-05-04 22:56:49,Twitter for iPhone,0,0
1389715657483243520,Enhorabuena @IdiazAyuso. Libertad para Madrid. üó≥,65,2021-05-04 22:56:47,Twitter for Android,7,0
1389715639909113857, Las fiestas de mi pueblo har√° ya mas de un a√±o y medio... Hostiaaaaa no que es hoy en Madrid. Pandemia kheeee??? #Eleccio‚Ä¶,140,2021-05-04 22:56:42,Twitter for iPhone,0,0
1389715516957331461, IGLESIAS SE PIRA!!!!!!!!!!!!!!!!ü•≥ü•≥ü•≥ü•≥ü•≥ü•≥ü•≥ü•≥ü•≥ü•≥ü•≥ü•≥ü•≥ü•≥ü•≥ü•≥ ,78,2021-05-04 22:56:13,Twitter for Android,0,0
1389715513635491847, El Gobierno proh√≠be el regreso del p√∫blico a los estadios por las aglomeraciones que puedan formarse antes y despu√©s. Te tien‚Ä¶,140,2021-05-04 22:56:12,Twitter for Android,0,0
1389715487240638466, Hay un mindundi llamado Javier Negre que para ganarse las lentejas que le pagan los fascistas cometen un delito.Hoy ha in‚Ä¶,140,2021-05-04 22:56:06,Twitter Web App,0,0
1389715462137786371," üçä Gracias a los votantes que hoy han apostado a Cs.üì° @BalEdmundo ""Agradecemos a los afiliados y a los trabajadores. Soi‚Ä¶",140,2021-05-04 22:56:00,Twitter for Android,0,0
1389715461911334915," A todo esto, ¬øMadrid no quiere la independencia de Espa√±a? Que se la damos, de verdad ",115,2021-05-04 22:56:00,Twitter for Android,0,0
1389715451782082563," ""Acabo de llamar a A‚Ä¶",140,2021-05-04 22:55:58,Twitter for Android,0,0
1389715445801005067, BOOOOOOOOM SORPASSO DE M√ÅS MADRID AL PSOEQue salga Iv√°n Redondo a botar en el balc√≥n del Palacio de la Moncloa#Elecci‚Ä¶,140,2021-05-04 22:55:56,Twitter for iPhone,0,0
1389715435030032384," S√≥lo en Madrid podemos tener en el mismo d√≠a este titular 'Las ucis afrontan su semana cr√≠tica, con Madrid al borde del‚Ä¶",139,2021-05-04 22:55:54,Twitter for iPad,0,0
1389715426909855748," Madrid ha dicho no a la izquierda.Abascal: ""Nada de esto habr√≠a sido posible sin vosotros""#SoloQuedaVox  ht‚Ä¶",140,2021-05-04 22:55:52,Twitter for iPhone,0,0
1389715407502778369, No importa cuando lean esto! Ya veremos quien gana la pr√≥xima contienda en 2023... yo que se!  #ChampionsLea‚Ä¶,140,2021-05-04 22:55:47,Twitter for Android,0,0
1389715397985898496, Espa√±a ser√° una democracia.#RompeTuVoto #LibertadColectiva #AbstencionActiva #JuntaDemocratica ,130,2021-05-04 22:55:45,Twitter for Android,0,0
1389715396241018880, Hoy se inicia una nueva etapa en #Espa√±a Gana la #libertad y .@PabloIglesias deja la pol√≠tica. Lo siguiente...q .@sanche‚Ä¶,140,2021-05-04 22:55:44,Twitter for iPhone,0,0
1389715381040844801," Ahora resulta que el que se presente Volt, un partido europe√≠sta que lleva a√±os present√°ndose en toda Europa y que recien‚Ä¶",140,2021-05-04 22:55:41,Twitter for Android,0,0
1389715372283211779," Adviertan algo, en 2023 o en las pr√≥ximas elecciones generales el PP volvera a ganar otra vez y con Ayuso de candidata l√≠‚Ä¶",140,2021-05-04 22:55:39,Twitter for Android,0,0
1389715359234723842," entonces, el 8M lo critic√°is porque ""no se manten√≠an las medidas de seguridad"" o simplemente por ser el d√≠a de la mujer? S‚Ä¶",140,2021-05-04 22:55:35,Twitter for Android,0,0
1389715341048172545, Escuchar a la muchedumbre de G√©nova gritar LIBERTAD con bozales y con medidas coercitivas que rozan la inconstitucional‚Ä¶,140,2021-05-04 22:55:31,Twitter Web App,0,0
1389715320718364674," Hoy ha quedado latente que los verdaderos males de Madrid, son el clasismo y la ignorancia. ",127,2021-05-04 22:55:26,Twitter for Android,0,0
1389715318285668352,Lo m√°s gracioso son los fachas poniendo stories triunfantes xdd agarraros que vienen curvas en Madrid  #Madrid #4deMayo,133,2021-05-04 22:55:26,Twitter for Android,0,0
1389715310656294912, lean este libro. De nada. ,126,2021-05-04 22:55:24,Twitter for iPhone,0,0
1389715293736472585, Demasiadas reminiscencias del franquismo a√∫n en Madrid.,85,2021-05-04 22:55:20,Twitter for Android,0,0
1389715288862695430," üõëHay que ver como quieren los Madrile√±os a nuestro ""querid√≠simo y amado"" presidente S√°nchez lo reciben con ""v√≠tores""üòÇ #Eleccio‚Ä¶",140,2021-05-04 22:55:19,Twitter for iPhone,0,0
1389715286018908164,Me estoy bebiendo un chupito por cada esca√±o de Ciudadanos. Este whisky no sube.. ,95,2021-05-04 22:55:18,Twitter for Android,2,0
1389715279706533892, Trabajadores que se creen burgueses y no pueden poner la calefacci√≥n y malamente llegar a fin de mes...ü§¶‚Äç‚ôÇÔ∏è Al final lo‚Ä¶,140,2021-05-04 22:55:17,Twitter for iPhone,0,0
1389715267643654145," Perd√≥n @PabloIglesias üôèüèªNo hemos sabido unirnos, los de izquierdas, los antifascistas,NO hemos sabido defenderte y def‚Ä¶",140,2021-05-04 22:55:14,Twitter for Android,0,0
1389715264208580610," üß®üß®üß®üì¢üì¢üì¢üì¢üß®üß®üß®üëâüèªHola TEMPORALES P√öBLICOS EN ABUSO de Madrid, ¬øC√≥mo llev√°is el d√≠a?  #FijezaYAeEsConstitucional",138,2021-05-04 22:55:13,Twitter for Android,0,0
1389715257355087872, ¬øHa dimitido ya Arrimadas? ,61,2021-05-04 22:55:11,Twitter for Android,0,0
1389715246647062529,"  | @IdiazAyuso podr√≠a gobernar en solitario con la abstenci√≥n de Vox, seg√∫n una encuesta que publica RTVE y Tel‚Ä¶",140,2021-05-04 22:55:09,Twitter for Android,0,0
1389715241836195841, #eleccionesMadrid2021:No voy a opinar sobre qui√©n deber√≠a ganar las elecciones de ho‚Ä¶,140,2021-05-04 22:55:07,Twitter for Android,0,0
1389715240493981705," 2155 hospitalizados en planta, 565 en UCI, una incidencia acumulada de m√°s de 500 casos por 100.000 habitantes.El PP‚Ä¶",139,2021-05-04 22:55:07,Twitter for iPhone,0,0
1389715239562883075, Gracias a quienes han estado hoy en las mesas electorales y a los servidores p√∫blicos que est√°n trabajando para garant‚Ä¶,140,2021-05-04 22:55:07,Twitter for Android,0,0
1389715225381908485," Me parece un gran desprecio hacia @equipoGabilondo que no lo haya acogido el @PSOE en #Ferraz, todos sab√≠amos que iba a pe‚Ä¶",140,2021-05-04 22:55:04,Twitter for Android,0,0
1389715219283337221, üî¥ Comienza el especial informativo de @A3Noticias para analizar los resultados de las  üó£Ô∏è Conducido por @Vic‚Ä¶,140,2021-05-04 22:55:02,Twitter for Android,0,0
1389715215802109953," Si no vais a votar, luego a mi no me pid√°is milagros ",79,2021-05-04 22:55:01,Twitter for iPhone,0,0
1389715206083858433," Oye, que si los madrile√±os est√°n felices con esta se√±ora, me alegro por ellos; que se la queden largo tiempo.Ah, cuando sea‚Ä¶",140,2021-05-04 22:54:59,Twitter for Android,0,0
1389715184638439436, üì° Sigue en directo en @COPE el Especial  üó≥ en la #radio con @ExpositoCOPEüéô de @linternacope desde @Puertals‚Ä¶,140,2021-05-04 22:54:54,Twitter for Android,0,0
1389715184281919490, üó≥Ô∏è üèÜ @IdiazAyuso gana el plebiscito de Madrid con 7‚É£ esca√±os m√°s que los tres partidos de izquierda juntos‚Ä¶,138,2021-05-04 22:54:54,Twitter for Android,0,0
1389715157438316544," -Oye Luke, ¬øde d√≥nde has sacado ese ne√≥n azul?-En una helader√≠a del centro.-¬°Luke, no me jodas! ¬°Esos neones azules los‚Ä¶",140,2021-05-04 22:54:47,Twitter for Android,0,0
1389715136169000967," Hoy es un gran d√≠a para nuestra Comunidad, porque en las urnas elegimos nuestro futuro. Animo a los madrile√±os a votar, e‚Ä¶",140,2021-05-04 22:54:42,Twitter for Android,0,0
1389715132138278913, Qui√©n sacar√° m√°s votos en Vallecas?,71,2021-05-04 22:54:41,Twitter for Android,0,0
1389715115923185669,En Madrid se ha consolidado la mediocridad ,56,2021-05-04 22:54:37,Twitter for Android,0,0
1389715114505474058, üó≥Ô∏è DIRECTO | Ayuso ha obtenido casi uno de cada dos votos en la Comunidad de Madrid y supera a toda la izquierda junta (44%) #‚Ä¶,140,2021-05-04 22:54:37,Twitter for iPhone,0,0
1389715107148701699," Pablo Iglesias He sido v√≠ctima de todo el mundo y me hacen irme...No vaya a decir que lo ha hecho mal ,el muchacho noooo‚Ä¶",140,2021-05-04 22:54:35,Twitter for Android,0,0
1389715055588032512," ""Muy buenas noches a Madrid, Espa√±a y a todos los rincones del mundo que nos miran con‚Ä¶",139,2021-05-04 22:54:23,Twitter for Android,0,0
1389715032708112384," ""La libertad es llevar una pulsera que ponga libertad"". Ayuso sostiene que hoy ""comienza un nuevo cap√≠tulo en la historia de E‚Ä¶",140,2021-05-04 22:54:18,Twitter Web App,0,0
1389715027729526786, Sabes que vas a ganar y el discurso que te preparas es decir cada dos minutos la palabra ‚Äúlibertad‚Äù y reproducir un mo‚Ä¶,140,2021-05-04 22:54:16,Twitter for Android,0,0
1389715013837983747, El mejor sondeo de las  es la cara de Ferreras y Ana Pastor en #EleccionesMADL6Qu√© mal d√≠a est√°n teniendo‚Ä¶,140,2021-05-04 22:54:13,Twitter for Android,0,0
1389715000739106821, El chavista #PabloIglesias #CierraLaPuertaAlSalir. #Pablete ves con tu comunismo a #Venezuela. #Podemos #Sisepuede desapa‚Ä¶,140,2021-05-04 22:54:10,Twitter for Android,0,0
1389714948880805896, No veo autocr√≠ticas y s√≠ muchas cr√≠ticas en vez de felicitaciones a quien ha ganado las elecciones en Madrid ‚Ä¶,139,2021-05-04 22:53:58,Twitter for Android,0,0
1389714941616263168,Madrid ha hablado  #4deMayo,40,2021-05-04 22:53:56,Twitter for iPhone,0,0
1389714937006772226, Ayuso ha conseguido pr√°cticamente 1 de cada 2 votos. El Psoe se desploma por debajo del 20% Buenos resultados para Vo‚Ä¶,140,2021-05-04 22:53:55,Twitter for iPhone,0,0
1389714922788040706,¬øDe verdad se han cre√≠do que han votado ‚Äúlibertad‚Äù? ,65,2021-05-04 22:53:51,Twitter for iPhone,3,2
1389714915972239360," ¬°Hoy vota feminismo, solidaridad, inclusi√≥n, libertad, igualdad, un Madrid sin odio, un Madrid antifascista!#4MQueHabl‚Ä¶",140,2021-05-04 22:53:50,Twitter for Android,0,0
1389714914390970376,GRACIAS @IdiazAyuso #GraciasAyuso  #eleccionesMadrid2021,71,2021-05-04 22:53:49,Twitter for Android,0,0
1389714912688156675," In√©s arrimadas ha dejado solo a Edmundo Bal.No se quiere contagiar del desastre, pero In√©s ya es tarde.‚Ä¶",140,2021-05-04 22:53:49,Twitter Web App,0,0
1389714900893716482, #ULTIMAHORA #Madrid Con 70% escrutado@IdiazAyuso la tendr√° sencilla para la presidencia de la comunidad de Madrid.‚Ä¶,140,2021-05-04 22:53:46,Twitter for Android,0,0
1389714900696633352," Cristina Segu√≠, colaboradora habitual del programa de Javier Negre, Bertrand Ndongo, miembro de Vox, y el subinspector de Poli‚Ä¶",140,2021-05-04 22:53:46,Twitter for Android,0,0
1389714900478566401," Iglesias de v√≠ctima, tir√°ndole al suelo para que levanten!Y por fin se va! Abandona todo!  Pero  puntual√≠cenos,  no se va,‚Ä¶",140,2021-05-04 22:53:46,Twitter Web App,0,0
1389714890798116865, ¬øPor qu√© pedimos dejar de votar?Por lo m√°s importante que hay para construir una naci√≥n con futuro: LA DIGNIDAD#Romp‚Ä¶,140,2021-05-04 22:53:44,Twitter for Android,0,0
1389714887270621186, Gracias por tanto @PabloIglesias la historia aplaudir√° tu nombre. ,100,2021-05-04 22:53:43,Twitter for iPad,0,0
1389714877242134531," Mejor hacer 15 minutos de cola para votar, que esperar 15 d√≠as para que te den cita con tu m√©dico de familia. ",137,2021-05-04 22:53:41,Twitter for Android,0,0
1389714870510174210, Porque lo que est√° claro es que somos el partido de la belleza y nadie puede discutir que @MasHortaleza ha rebosado y est‚Ä¶,140,2021-05-04 22:53:39,Twitter for Android,0,0
1389714868610142214," üó≥Ô∏è DIRECTO | El escrutinio alcanza ya el 25% y refleja una clara victoria de Ayuso, que necesita a Vox para gobernar #Eleccion‚Ä¶",140,2021-05-04 22:53:38,Twitter for Android,0,0
1389714826071617538," ""Nunca Madrid hab√≠a sido tan diferente‚Äù #Eleccion‚Ä¶",140,2021-05-04 22:53:28,Twitter Web App,0,0
1389714807822200844," Ayuso dinamita el gobierno socialcomunista, jubila a Pablo Iglesias, y podr√° gobernar en solitario.Madrid ha hablado‚Ä¶",140,2021-05-04 22:53:24,Twitter for Android,0,0
1389714794106785793," 65 esca√±os para el PP (+25), 24 para M√°s Madrid (+4) y PSOE (-13) que empatan, 13 Vox (+1), 10 Unidos‚Ä¶",139,2021-05-04 22:53:21,Twitter for Android,0,0
1389714751748517892," En los colegios, colas y distancia de seguridad. En la sede del PP todo el mundo junto y bailando. Las normas para todos me‚Ä¶",140,2021-05-04 22:53:11,Twitter for Android,0,0
1389714748124577792, El gran triunfo de estas elecciones de Madrid es que se ha conseguido que la gente no tenga ninguna verg√ºenza en decir que v‚Ä¶,140,2021-05-04 22:53:10,Twitter for Android,0,0
1389714738645508096," VOX es homofobia, da igual cuando leas esto ",77,2021-05-04 22:53:08,Twitter for iPhone,0,0
1389714737093558274, üëáEscrib√≠a este hilo en Marzo a coraz√≥n abierto sobre @PabloIglesias y la cr√≥nica de una muerte anunciada de Podemos. S‚Ä¶,140,2021-05-04 22:53:07,Twitter for Android,0,0
1389714732781817856," En las , el ""cintur√≥n rojo"" parece que se ha convertido en ""azul"".Unidas Podemos propon√≠a medidas sociales para‚Ä¶",140,2021-05-04 22:53:06,Twitter for iPhone,0,0
1389714699927830534,"""Ahora mismo solo tenemos el resu‚Ä¶",140,2021-05-04 22:52:58,Twitter for Android,0,0
1389714691396616193,"Al final lo del pucherazo del voto por correo, c√≥mo ha quedado??? ",79,2021-05-04 22:52:56,Twitter for Android,0,0
1389714690704609288," ""El √©xito impresionante de la derecha es una tragedia para la sanidad p√∫blica, la‚Ä¶",140,2021-05-04 22:52:56,Twitter for Android,0,0
1389714660866330630," üó≥Ô∏è DIRECTO | Con el 6% escrutado, PP y Vox superan la mayor√≠a absoluta con 72 esca√±os, frente a los 65 de la izquierda #Elecci‚Ä¶",140,2021-05-04 22:52:49,Twitter for Android,0,0
1389714658819559424, üó≥Ô∏è #EleccionesSER | Foro Coches env√≠a unos mariachis a la sede de Podemos a cantar 'La Cucaracha' üî¥Sigue el programa en DIR‚Ä¶,140,2021-05-04 22:52:48,Twitter for Android,0,0
1389714653157134339," ""Dentro de un a√±o y medio habr√° elecciones en Madrid, y all√≠ encontrar√°n a Ciudad‚Ä¶",140,2021-05-04 22:52:47,Twitter Web App,0,0
1389714630004678660,Que tendr√° preparado la izquierda como arrebato por perder Madrid? √âstos no son de fiar #IglesiasCierraAlSalir ,124,2021-05-04 22:52:42,Twitter for Android,0,0
1389714630004592644," Si lo prefer√≠s tambi√©n pod√©is seguir el razonamiento de ""los madrile√±os son gilipollas"", pero ese camino lleva a peores‚Ä¶",140,2021-05-04 22:52:42,Twitter Web App,0,0
1389714604675289092, ‚ÄúHa sido una campa√±a dominada por el ruido y por el fango‚ÄùEstas y otras reacciones tras las  de‚Ä¶,139,2021-05-04 22:52:36,Twitter Web App,0,0
1389714600787169281, Disappointed but not surprised ,64,2021-05-04 22:52:35,Twitter for Android,0,0
1389714587998728192," [üî¥AN√ÅLISIS R√ÅPIDO ELECCIONES C. MADRID üî¥]Primero, hoy hay que admitirlo, es un d√≠a triste. El discurso desbocado de la li‚Ä¶",140,2021-05-04 22:52:32,Twitter Web App,0,0
1389714584706158597, En La Sexta est√°n de funeral. Y Escolar est√° p√°lido como si hubiera visto a un esp√≠ritu.  üòÇ,125,2021-05-04 22:52:31,Twitter for Android,0,0
1389714579173875713,"Los ""Antifas"" no van a dar abasto si quieren hechar a tanto fascista de su barrio. ",98,2021-05-04 22:52:29,Twitter Web App,0,0
1389714576686596103, Affluenza al 69% per le elezioni della comunit√† di #Madrid. Gli istituti demoscopici parlano di ‚Äúpartecipazione storica‚Äù‚Ä¶,140,2021-05-04 22:52:29,Twitter for Android,0,0
1389714560454639618, Impresiona ver el mapa de Madrid todo azul en todos los distritos y municipios salvo dos. Nadie puede dudar ya que @Id‚Ä¶,140,2021-05-04 22:52:25,Twitter for iPhone,0,0
1389714550958825480, üì∫ TV en DIRECTO  | Los seguidores del PP se unen en una cadena para bailar en la celebraci√≥n de Madrid por la vic‚Ä¶,140,2021-05-04 22:52:23,Twitter Web App,0,0
1389714541857189892, Es devastador ver c√≥mo la persona que dijo que se dejara morir a los abuelos en las residencias le est√©n votando los famili‚Ä¶,140,2021-05-04 22:52:21,Twitter for Android,0,0
1389714540674301956, Cuando el 29 de Abril se estrenaba en Netflix nuestra pel√≠cula apocal√≠ptica #3D√≠as no anticip√°bamos que hoy ser√≠a realmen‚Ä¶,140,2021-05-04 22:52:20,Twitter for Android,0,0
1389714520172634120, Lo del gafe del general Jos√© Julio Rodr√≠guez empieza a ser antol√≥gico.Tras quedarse sin esca√±o cuando se present√≥ por Zar‚Ä¶,140,2021-05-04 22:52:15,Twitter Web App,0,0
1389714507962978305," ""Espa√±a es otra cosa, se√±or S√°nchez. Espa√±a empieza en Madrid. Y cuando decimos que Madrid es Espa√±a, es porque aqu√≠‚Ä¶",140,2021-05-04 22:52:13,Twitter for iPhone,0,0
1389714486848851975, Qu√© pena que la clase obrera tenga tan poca memoria ,81,2021-05-04 22:52:07,Twitter for iPhone,0,0
1389714441403514886," ¬øPor qu√© a Ayuso y a Roc√≠o Monasterio no les abuchean los ciudadanos normales y corrientes cuando van a votar, como s√≠ le‚Ä¶",139,2021-05-04 22:51:57,Twitter for Android,0,0
1389714437867716610," üì∫ TV en DIRECTO  | Ayuso, emocionada en el balc√≥n de G√©nova tras ganar en las elecciones a la Comunidad de Madrid‚Ä¶",140,2021-05-04 22:51:56,Twitter Web App,0,0
1389714409916964878," ""Lo ten√≠amos muy dif√≠cil, y lo hemos dado‚Ä¶",140,2021-05-04 22:51:49,Twitter Web App,0,0
1389714388010078212," ""Ya analizaremos lo sucedido. Obviamente los resultados no son buenos, y no los esp‚Ä¶",140,2021-05-04 22:51:44,Twitter Web App,0,0
1389714381991256067, Que @MasMadrid__ sea ahora mismo la segunda fuerza m√°s votada me devuelve un poco la ilusi√≥n. El rayito de sol entre las n‚Ä¶,140,2021-05-04 22:51:42,Twitter for Android,0,0
1389714377151074306," Adi√≥s, pabLenin.Cierra al salir, Rata!!",76,2021-05-04 22:51:41,Twitter for Android,0,0
1389714355856551946, den√∫ncialo de inmediato ante los miembros de la m‚Ä¶,140,2021-05-04 22:51:36,Twitter for iPhone,0,0
1389714331261079552, Resumen en  15 segundos de toda la campa√±a electoral de Madrid...Por @SomosDilo #JornadaDeReflexion #eleccionesMadrid‚Ä¶,140,2021-05-04 22:51:30,Twitter for iPhone,0,0
1389714325321965569," ""Espero que los tabernarios hay√°is pasado un buen d√≠a. No entienden nuestro modo de vid‚Ä¶",140,2021-05-04 22:51:29,Twitter for iPhone,0,0
1389714307588440066," Qu√© r√°pido olvida Madrid.‚Ä¢ Corrupci√≥n. ‚Ä¢ Recortes en sanidad, educaci√≥n y pol√≠tica social. ‚Ä¢ Pactos con el fascismo. ‚Ä¢ Pr‚Ä¶",140,2021-05-04 22:51:25,Twitter for Android,0,0
1389714291658473472, ¬´Dejo todos mis cargos pol‚Ä¶,140,2021-05-04 22:51:21,Twitter for Android,0,0
1389714274432475138," üî¥ DIRECTO ESPECIAL üó≥Ô∏è  üó£Ô∏è @euricocampano: ""@IdiazAyuso podr√° acabar el proyecto pol√≠tico que ha comenza‚Ä¶",140,2021-05-04 22:51:17,Twitter Web App,0,0
1389714273023188995," At 99.7% counted, centre-right PP (EPP) is the largest party in the regional parliame‚Ä¶",140,2021-05-04 22:51:16,Twitter for iPhone,0,0
1389714238005039104, Ni Espa√±a ni Madrid se han merecido a @PabloIglesias. Mejor q viva tranquilo un tipo q ha demostrado ser digno q q se sacrif‚Ä¶,140,2021-05-04 22:51:08,Twitter Web App,0,0
1389714216899256323," #EleccionesMADL6 La izquierdita diciendo que ojal√° vote mucha gente ,ahora resulta que vota mucha gente y to‚Ä¶",140,2021-05-04 22:51:03,Twitter for Android,0,0
1389714191007854593," üî¥ #√öLTIMAHORA.@IdiazAyuso ganar√≠a las elecciones y lograr√≠a mayor√≠a absoluta con Vox, seg√∫n el sondeo de GAD3 para Telemad‚Ä¶",140,2021-05-04 22:50:57,Twitter for iPhone,0,0
1389714188000452611,"Adi√≥s, pabLenin.Cierra al salir, Rata!!",56,2021-05-04 22:50:56,Twitter Web App,2,2
1389714182178758658," Sempre antifeixistesMolts √†nims, Madrid ",72,2021-05-04 22:50:55,Twitter for iPhone,0,0
1389714181256003586, Lo √∫nico que espero de las  en #Madrid es que el CIS necesita un profesional de verdad y no un forofo partid‚Ä¶,140,2021-05-04 22:50:55,Twitter for Android,0,0
